word,word_type,meaning,examples
a priori,,"""from the earlier"" / ahead of time
knowledge that is justified independently of experience
The distinction between a priori and a posteriori corresponds to the distinction between empirical and non-empirical knowledge","""It's freezing outside; you must be cold"" is an example of a priori reasoning."
aberrant,,"diverging from the normal type
generally used in a negative way","She is normally calm and level headed, so this outburst is an aberration."
abrogate,,"to officially revoke, cancel or abolish
the Latin root is made up of the prefix ""ab"" - away and ""rogare"" - to propose a law",
abstruse,,"difficult to understand, deep and intellectually challenging, especially if someone is deliberately making a story or a situation more complicated than necessary.
from the Latin roots about concealing or hiding something
it sounds and looks like obtuse, but abstruse is almost its opposite: Obtuse is dull or lacking a sharpness of intellect",
accretion,,an accumulation that causes increase,"Although you may say that stalactites grow from the ceilings of caves, they actually form from an accretion of limestone and other minerals.
An accretion of frost on the windows.
An accretion of plaque on your teeth."
acrid,,"an unpleasant smell, tone of voice, look, taste, etc.
use acrid to describe someone's demeanor when they are being nasty",
acuity,,"to hear, see, or think accurately and clearly",He was a man of great political acuity.
ad libitum,,"ad lib, without advance preparation",
adjunct,noun,"1. an addition, accompaniment, companion
2. a word or phrase that constitutes an optional element","1. Computer technology is an adjunct to learning.
2. In the sentence 'John helped Bill in Central Park', the phrase 'in Central Park' is an adjunct."
adumbrate,,"1: to outline
2: to foreshadow
from the Latin umbra - ""shade"", adumbrate - ""foreshadow""","1: In an English essay, you adumbrate the themes in a novel.
2: The scene where the princess dreams of the vampire adumbrates her later discovery that her little brother is, in fact, a vampire."
adumbrate,verb,to outline or sketch broadly; to foreshadow or prefigure; to disclose partially.,The speech adumbrated the government's future policies without revealing any specifics.
advent,noun,the introduction of something important,"""The twentieth century saw the advent of many important inventions - including television, computers, and microwave dinners."""
aegis,noun,"to be under the aegis of an organization is to be sponsored or protected by them
from the Greek Aigis- the name of Zeus’s shield",
aesthete,noun,"someone who claims to be concerned only with matters of art and beauty
the Greeks considered an aisthētḗs as ""one who feels""",
aesthetic,adjective,"from a Greek word meaning ""perception"", the word comes to us from German philosophers who used it for a theory of the beautiful. It came to refer to good taste and to artistry in general; if something has ""aesthetic value"" it has value as a work of art (even if nobody will pay much for it). It does not, however, refer to the objects themselves; do not talk about an ""aesthetic painting""",
aggregate,,to collect many into one,
agronomist,,an expert in soil management and field-crop production,
amity,,friendly relations,The presence of French troops in Scotland had produced hostility rather than amity.
analgesic,noun/adj,"a medicine that takes away physical pain
As a noun, analgesic is the actual medicine, and as an adjective, it describes the effect of the medicine: ",This pill has an analgesic effect.
analogy,,a comparison of the features or qualities of two different things to show their similarities,The stock market recorded a 0.4% annual increase that was roughly analogous to results in the late 1960s.
anathema,noun,something really hated,
anathematize,verb,"declare your hatred, utterly condemn
root word is the Greek anathematizein- ""denote something to be evil""","If you've decided that your math teacher is just plain evil, you might anathematize him."
anchorite,,"a religious recluse, hermit",
anent,preposition,"concerning, about",I'll say a few words anent the letter.
animus,,"1, hate, animosity, bad feelings
2, a motivating force",The fear of infection is the animus behind a movement to sterilize public buildings.
anodyne,,"bland, inoffensive, innocuous, neutral, unobjectionable, unexceptionable, unremarkable, commonplace, dull, tedious
also a painkilling drug or medicine","She tried to keep the conversation as anodyne as possible.
Somehow this avoids being just another silly pop song with anodyne lyrics about love and happiness."
anomalous,,deviating from the general or common order,"Advanced forms of life may be anomalous in the universe.
The recent discovery of ice, and therefore water, on the moon, was anomalous to all previous ideas that the moon was lifeless."
anomie,,"a lack of moral standards, or a sense of lawlessness, or a sense of anxitety because there doesn't seem to be anyone keeping order
from the Greek anomos meaning ""lawless""","In the novel The Stranger by Albert Camus, the narrator doesn't react like a normal person. When his mother dies and he is put on trial for murdering a man, he responds in an oddly numb way, expressing a sense of anomie."
antebellum,,before the American Civil War,
antediluvian,,"""before the flood"", though the word is used more humorously to describe something really, really old",
antipode,,"1. specific points on the Earth that are directly opposite each other
2. also use this word figuratively to describe opposites","1. Hong Kong and La Quiaca, Argentina are examples of antipodes.
2. My brother and I are total antipodes; he's sporty, and I'm a bookworm."
apanthropy,,"an aversion to human company; a love of solitude, misanthropy",
aperçu,,"a witty comment, clever anecdote, or brief reference that makes an illuminating or entertaining point",He is so fun at parties because he always comes up with such brilliant apercus.
apocrypha,,biblical or related writings not forming part of the accepted canon of scripture,
apocryphal,,"tales told as if they're true, but no one can ever verify their origins or authenticity
originally, apocryphal meant religious writings that were not included in the Torah or the New Testament of the Bible because the divinity of the texts was not certain. These texts are known as the Apocrypha and are included in the Septuagint (a Greek version of the Hebrew Bible) and the Vulgate (a Latin Bible edited in the 4th century)",
apostasy,,"the state of having rejected your religious beliefs, political party or cause (often in favor of opposing beliefs or causes)",
apotheosis,,"the perfect form or example of something, the highest or best part, the peak","She is the apotheosis of Hollywood glamour.
The city reaches its apotheosis at the holiday."
apotropaic,,"having the power to prevent evil or bad luck
""ap-pro-toe-PAY-ic""",
apposite,adj,"something fitting or relevant; well-placed or well-put
don't confuse apposite with opposite; they have opposite meanings!","It is apposite that radio stations play Christmas carols on Christmas Eve.
The successful copywriter is a master of apposite and evocative verbal images."
apposition,noun,two appropriate things right next to each other,
appurtenance,noun,"an accessory, not an integral part",The appurtenances of consumer culture.
arcane,,"understood or known by only a few people, esoteric
the origin is Latin ""arcānus"" - secret or closed, from arca - a chest, box",
archipelago,,"a group of many islands
from the Italian Arciplago - the name for the Aegean Sea, which is full of many many islands",
ardent,,"to be passionate about something. One can either ardently support or oppose something
from Latin ardere - ""to burn""",
argot,,"a kind of slang, technical language or code","Any specialized practice can create an argot: boxers talk of bodyshots and jabs, just as grammar teachers complain of split infinitives and dangling participles."
ascetic,noun / adjective,"noun: a person with incredible self-discipline and the ability to deprive herself, or adjective: describes such a person or their lifestyle
from the Greek asketes - “monk” or “hermit”. Later became asketikos- “rigorously self-disciplined” which gives us the Modern English ascetic",Be systematically ascetic: Do something for no other reason than that you would rather not do it. - William James
asinine,,foolish or stupid,an asinine comment
asperity,,"1, harshness of manner
2, something hard to endure",The asperities of life in a bomb shelter.
assay,verb,"the act of analyzing, of conducting that test: examining the individual parts that make up the whole
from the French essai - ""trial""","When you assay a situation, you look at all the elements that created the problem in order to come up with a solution."
assay,noun,a test (or appraisal) to determine the components of a substance or object,
assiduity,noun,"great and constant diligence and attention
from the Latin assiduatem for ""continual presence""",
assiduously,adverb,"done with care, dedication, diligence, thoroughness, precision
from the Latin assiduus which means ""busy, incessant, continual, or constant""",Librarians shelf books assiduously.
atavistic,,"happening because of a habit formed a long time ago, not because of a conscious decision or because it is necessary","Atavistic fears and instincts.
An atavistic fear of the dark."
atelic,adjective,pertaining to an action or activity that is not directed toward a goal or endpoint.,"The narrative of the film was atelic, focusing more on the journey than the destination."
atomistic,,divided into separate and often disparate elements,
attenuate,,to make or become weaker,"The effects of aging may be attenuated by exercise.
This tanning process tends to attenuate the deer hide, making it softer.
Even an attenuated solution will remove the stain.
The rain attenuated, ending the storm."
aureate,,highly ornamented or elaborate,"""The aureate diction frequently conceals the tritest sentiments."""
autarky,,"""or-tar-key""
the characteristic of self-sufficiency
usually applies to political states, societies or to their economic systems",Autarky exists whenever an entity survives or continues its activities without external assistance or international trade.
autocracy,,"a government controlled by one person with absolute power
from the Greek roots auto - ""self"" and kratos - ""power""","If your boss dictates your every move and leaves you no say at all in how you do your work, then you're not in a democratic workplace, you're in an autocracy."
axiom,,a statement or principle that is generally accepted to be true,
bagatelle,noun,something of little value or significance,
bathos,,"a change from a serious subject to a disappointing one, an effect of anticlimax created by an unintentional lapse in mood from the sublime to the trivial or ridiculous.
can also be used more broadly for something that’s trite or overly sentimental",His epic poem has passages of almost embarrassing bathos.
behoove,verb,"to make it advisable or necessary to do so
comes from the Old English behofian - ""to be of use""","It would behoove you to study hard and work for the future you desire.
It would behoove the legislature to pass a law behooving citizens to pay their taxes earlier. "
benighted,,"naive, lacking in knowledge or understanding. A benighted person is in the dark about things: they don't know because they can't see.","The Dark Ages are thought to have been a benighted time, full of primitive ideas."
biddable,,"obedient, capable of being trained, able to do your bidding","Certain breeds of dog, such as Golden Retrievers, are prized for their biddability."
biota,,all the plant and animal life of a particular region,
blithe,adjective,"happy and carefree, but also someone who isn't paying attention","If you have a blithe disregard for authority, you might just smile vaguely when a teacher is yelling at you."
blithesome,,"carefree, happy, light-hearted",
boilerplate,,"standardized text, documentation, methods, or procedures",
bonhomie,,"cheerful, friendly
related to bon homme - French for ""good man"". However, a woman can exude a spirit of bonhomie as well",
bonne amie,,"a good female friend, a female sweetheart or lover",
botany,,the study of plants,
brigand,,"a bad guy
however, the earliest kind of brigand wasn't an outlaw, he was a foot soldier in a legitimate army
from the Italian brigante - ""trooper or foot soldier"", shares a root with brigade",
bromide,,a trite statement that is intended to soothe or placate,Feel-good bromides create the illusion of problem solving.
Brummagem,,"cheap and showy, lacking aesthetic or social taste",A cheap Brummagem imitation.
bulwark,noun,a strong defense or something that defends.,The ancient city walls stood as a bulwark against the invading forces.
burlesque,,"from burla, Spanish for ""joke"". Became associated with striptease in the music halls and vaudeville theaters of nineteenth-century America",
callow,,"inexperienced and immature
from the Old English calu - ""bald"" or ""featherless"", used to describe young, fledgling birds",They were earnest and callow undergraduates.
canonical,,conforming to orthodox or recognized rules,The drinking of cocktails was as canonical a rite as the mixing.
cant,,"1. language repeated so often and so mechanically that it's essentially empty of meaning
2. the specialized jargon of a particular group, like the cant of piracy: e.g. Ahoy, Lubber, Arrr",
casuistry,,"excessively subtle, intended to be misleading, suspect and sneaky","Politicians, lawyers, and car salesmen are guilty of casuistry."
catechism,,"a series of fixed questions, answers, or precepts used for instruction","The health catechism of more exercise, less tobacco and alcohol, and better diet."
caveat emptor,,"""let the purchaser beware"", the person selling you something won't let you return it",
chagrin,noun,"an emotion of embarrassment or distress as a result of failure
from the French word of the same spelling for ""melancholy, anxiety, vexation""",
chargrined,adjective,feeling or caused to feel uneasy and self-conscious,The chaplain was chagrined at the poor sales of his book.
chattel,,personal items. It was once used to describe slaves and cattle,
ci-devant,adjective,from before; former,"Her ci-devant pupil, now her lover."
cipher,,"a secret code, usually one that's created using a mathematical algorithm
from the Arabic sifr - ""nothing"" or ""zero""","He left two, as yet uncracked, ciphered messages for posthumous decoding."
circuitous,,indirect or roundabout,
circumlocution,,"an indirect way of expressing something
a long, complicated word which means a long, complicated way of expressing something",
circumscribe,,to limit or restrict,
circumspect,,"prudent, cautious, discreet
a careful consideration of all circumstances and a desire to avoid mistakes and bad consequences",
coda,,"a concluding segment of a piece of music, a dance, or a statement. It's usually short and adds a final embellishment beyond a natural ending point","If you tell a story about your crazy experience getting lost in the country and sleeping at a farmer's house, you might add, as a coda, that the farmer ended up visiting you a year later."
commissure,noun,the location at which two objects abut or are joined,
concatenate,,"to link things together, to form a series or chain",
concomitant,,"accompanying
con - ""with"" and comit - ""companion""
","The main effect of training at the gym is that you become stronger, but there are concomitant effects, like better circulation, a rosy glow, or getting happy from all those endorphins you’re releasing."
concupiscene / concupiscent,noun / adj,"vigorously passionate, lustful ",Even the most concupiscent teenager might find this degree of sexual intensity too much.
conduce,verb,to help make a particular situation happen or help produce a particular result,He believed that technological progress conduces to human happiness.
conducive,adjective,"tending to bring about, being partly responsible for",
conflate,,to mix together,
confute,verb,prove a person or an assertion or accusation to be wrong,Those who sought to confute this view were accused of ignorance.
consonance,,"a state of agreement or harmony of parts
in its musical sense, the opposite of consonance is dissonance",
contingency,noun,"something that might or might not happen, an event or situation that is a possible outcome but impossible to predict with certainty","You plan to walk home if the weather is nice, but taking the subway fare is your contingency plan."
contingent,adjective,"something that can occur only when something else happens first, it depends on some other event or fact",Making money is contingent on finding a well-paid job.
contingent,noun,a group of people with something in common,There were a contingent of folks dressed as Batman at Comic-Con.
convocation,,"a calling together of people, an assembly",
cornucopia,,a lot of good stuff,
corollary,,"a direct or natural consequence, a result",The huge increases in unemployment were the corollary of expenditure cuts.
correlation,,"a mutual relationship or connection between things
correlation / corollary
a correlation is what it sounds like - a co-relation, or relationship - like the correlation between birds waking up and the sun rising / a corollary is more like a consequence",Research showed a clear correlation between recession and levels of property crime.
coterminous,,"things that are equal in scope
from the Latin conterminus - ""bordering upon, having a common boundary""",The earthquake in Australia was coterminous with the earthquake in China (it caused the same amount of destruction).
criterion,,the standard singular form of criteria,
Croesus,,"the king of Lydia, who reigned from 585 BCE until his defeat by the Persian king Cyrus the Great in 547 or 546 BCE. Renowned for his wealth",Richer than Croesus.
cross the Rubicon,,to make an irrevocable decision,"Julius Caesar crossed the river Rubicon with his army, thereby starting a civil war in Rome."
cupidity,,"a strong feeling of wanting to have something, especially money or possessions",
declension,,"the inflection (changing the form of a word) of nouns, pronouns, adjectives, adverbs, numerals, and articles to indicate quantity, case (nominative or subjective, genitive or possessive, etc.), and/or gender","In Modern English, the system of declensions is very simple compared to some other languages, so much so that the term declension is rarely applied to English in practice. Most nouns in English have distinct singular and plural forms and have distinct plain and possessive forms. Plurality is most commonly shown by -s (or -es), whereas possession is always shown by the -'s (or by just the apostrophe) attached to the noun. "
deliberative,,"intended for deliberation, consideration or discussion","We are living in a post-deliberative society, in which people believe what they want to believe, as if they were selecting items from different columns on a take-out menu."
demagogue,,"a political leader who seeks support by appealing to popular desires and prejudices rather than by using rational argument. characterised by the extreme simplification of political choices, the abandonment of reasoned argument, and scapegoating",
demotic,,"colloquial, the kind of language used by ordinary people",She uses demotic idioms.
depredation,,(an act causing) damage or destruction,The depredations of age and disease.
desiderata,,"something desired as a necessity, a must-have
you can almost see the word desire in desideratum, and that should help you remember it’s an object of desire",
detumescence,noun,the diminution of swelling or tumescence.,Detumescence occurred as the ice pack reduced the swelling on his ankle.
deus ex machina,,"a plot device whereby a seemingly unsolvable problem is suddenly and abruptly resolved by the inspired and unexpected intervention of some new event, character, ability or object. Its function can be to resolve an otherwise irresolvable plot situation, to surprise the audience, to bring the tale to a happy ending, or act as a comedic device",
dialectic,,a formal system of reasoning that arrives at the truth through the exchange of logical arguments,
diaphanous,,"sheer, transparent
from the Greek root dia ""through,"" and phainesthai - ""to show""","If a dress is so see-through that light shines through it, it's diaphanous."
diaspora,,"a large group of people with a similar heritage or homeland who have moved out to places all over the world
from an ancient Greek word meaning ""to scatter about""",The Bible refers to the diaspora of Jews exiled from Israel by the Babylonians.
diatribe,noun,"an angry, critical speech",
didactic,,"teaching, instructing
often used in a negative way. If a movie is overly didactic, that's not good. Most people want to see a story and be entertained when going to the movies, and if it feels like the movie is just telling you what to think, that's didactic in a bad way",
diegetic,,"a sound which has an on-screen source
a non-diegetic sound is a noise which does not have a source on-screen, which has been added in",
diffident,adjective,modest or shy because of a lack of self-confidence.,"Despite her talents, she was diffident about her own success and rarely spoke of her achievements."
dilatory,adjective,"slow to act, intended to cause delay
from the Latin  dilator - ""someone who puts off things""","After a pause he added ""sir"" in a dilatory, grudging way.
King George was in a fury over the dilatory, cautious behavior of his general."
dilettante,,"an amateur who pretends to be very knowledgeable, a poser
The meaning of dilettante has changed since mid-1700s Italy. Originally it meant ""lover of the arts,"" but began to take on a negative slant during the 18th century, as a dilettante was a mere lover of art as opposed to one who did it professionally",
dipsomania,,"alcoholism
the root dipsa means ""thirst""",
dipsomaniac,,an alcoholic,
discombobulated,,"confused, thrown off track","You'll probably feel a little discombobulated after moving to a new country, especially if it's on the other side of the world."
disquisition,noun,a long or elaborate essay or discussion on a particular subject,Nothing can kill a radio show quicker than a disquisition on intertextual analysis.
dissemble,verb,conceal or disguise one's true feelings or beliefs,"An honest, sincere person with no need to dissemble."
dissimulate,,"to hide your real feelings, character, or intentions",They did not try to dissimulate their grief.
dissipate,verb,"1,  to disperse or fade away
2, to spend or use wastefully","1, We both laughed, and most of the tension in the air dissipated.
2, Once you dissipate your wealth, your new group of friends will dissipate without a trace."
dissipation,noun,"1, breaking up and scattering, spreading widely
2, wasteful or thoughtless acts","1, With the dissipation of the clouds, you could enjoy the sunny afternoon.
2, Your uncle's life of dissipation, throwing money at wine and women, will ultimately only bring heartache."
distrait,adjective,"preoccupied with worry
from the Latin distrahere - “pull apart”","I found my cousin distrait, absent, moody, sad, preoccupied, unlike herself."
diurnal,adjective,"anything that takes place in the daytime, antonym: nocturnal
having a daily cycle or occurring every day",Diurnal flowers are open during the day and closed at night.
doggerel,,"comic verse of irregular rhyming and bad poetry, usually comic in tone and fit only for dogs
sometimes doggerel has a non-critical meaning, but it's generally insulting",
doltish,,"heavy, dull and stupid",
dualism,,"in philosophy of mind, dualism is the theory that the mental and the physical (or mind and body, or mind and brain) are, in some sense, radically different kinds of thing",
dyspeptic,adjective,having indigestion or a consequent air of irritable bad temper,
dyspeptic,noun,a person who suffers from indigestion or bad temper,
effervescent,,"bubbly, giving off gas
from the Latin effervēscere - the original meaning was more boiling than bubbly, thanks to the ferv part, which means ""hot."" The word literally refers to bubbles giving off gas","Drinks that are nose-ticklingly effervescent make bubbles that pop.
If you have a light, cheerful personality (you are ""bubbly"") then you are effervescent."
efficacy,,"a more formal way to say effectiveness, both of which stem from the Latin verb efficere - ""to accomplish""","A scientist does research to determine the efficacy of a vaccine or medicine under development. If it is efficacious, it will cure or prevent a disease."
egalitarian,,"the equality of all people
the opposite could be a fascist or dictator","Monarchies are not egalitarian.
An egalitarian society gives everyone equal rights."
egress,,"an egress is basically the same thing as an exit
can be used as a verb - ""to exit"" - but less frequently than as a noun","When buildings undergo inspection, one of the main safety features under review is the number and placement of doors and windows, the ""means of egress"""
eidetic memory,,photographic memory,
electrolyte,,"a liquid that contains ions and conducts electricity
from the Greek root elektro and lytos - ""loosed""",The substance inside a battery is an electrolyte.
elegiac,adjective,"mournful, sad
from the Greek elegos - ""poem or song of lament""",
elucidate,,explain,
embroil,verb,"involve someone in an argument, conflict, or difficult situation.",I don't want to get embroiled in your crazy schemes.
emeritus,adjective,"Latin for ""veteran soldier""
e - out, meritus - with merit","Most often used with professor, but it applies to other professions whose retirees continue to hold their title, like ministers."
emollient,adjective,"having the quality of softening or soothing, especially to the skin.",She used an emollient lotion to calm her inflamed skin.
emolument,,"the money you receive for working
e-MALL-you-ment
the Latin emolumentum - ""profit, gain""",
enervating,,causing weakness or debilitation,
enology,,the art of wine making,
epidemiology,,"the study of diseases
from the Greek epidēmia - ""prevalence of disease""","The Greek physician Hippocrates is called ""the father of epidemiology"" for being the first to study the relationship between diseases and the environments that influences them."
epigram,,"a short, clever remark","One of Oscar Wilde's many memorable epigrams is, ""I can resist everything but temptation."""
epigraph,,"a short quotation or saying at the beginning of a book or chapter, intended to suggest its theme. an epigraph is a specific kind of epigram: a witty statement that's inscribed somewhere",
epiphenomenon,noun,a secondary effect or byproduct that arises from but does not causally influence a process.,"In the study, the researchers considered the social changes to be an epiphenomenon of the technological revolution."
epistemology,,"the study of knowledge
epistemology leads to the study of learning, which leads to better methods of teaching",Probably the coolest use of epistemology is artificial intelligence: teaching computers how to learn.
epistle,,"a long, formal letter",
epithet,noun,a descriptive nickname. Can be harmless or abusive,"Three or four other men were exploding, shouting racial epithets across the room."
equivocal,,"uncertain, ambiguous",
erstwhile,,"belonging to some prior time
an Old English way to say ""former""",Go to your class reunion to see your erstwhile friends.
etiolated,,"1, (of a plant) pale and drawn out due to a lack of light
2. having lost vigour or substance; feeble","1, ""Etiolated leaf segments.""
2. ""A tone of etiolated nostalgia."""
evince,verb,"to show or express clearly, to make plain",
ex nihilo,,out of nothing,
excoriate,,"1, damage or remove part of the surface of the skin
2, criticize severely",
excrescence,noun,"an abnormal outgrowth or enlargement, such as a wart.",The old tree trunk was covered with moss and excrescences that made it look eerie.
execrable,,"absolutely the worst
related to excrement",
exegesis,,"a critical look at a text
from the Greek for ""interpret""",Jewish people do not eat meat and dairy in the same meal based on an exegesis of a law in the Torah that says you should not eat a calf cooked in its mother's milk.
exigency,,"a pressing or urgent situation, a sudden crisis
think of a mix of 'excitement' and 'emergency', and you have exigency",
expedient / expedience,,"appropriate to a purpose, practical",
expropriate,verb,"taking people's property, usually by a government",Their assets were expropriated by the government.
expropriation,noun,,
extemporize,,"perform without preparation, improvise",
extirpate,verb,"destroy completely, as if down to the roots",
farrago,,"a random assortment of stuff
sounds more formal than hodgepodge or mishmash but it means the same thing",A flea market has a farrago of antiques and old junk.
faute de mieux,,for want of a better alternative,
fealty,,"loyalty
like the word fidelity whih also derives from the Latin root fidelitas",
febrile,adjective,"related to fever. It can be used in a medical sense when someone is sick and running a temperature, or in a figurative sense to describe a state of excitement or energy",The atmosphere in the city was febrile as the king's coronation date approached.
fecund,adjective,"describes things that are highly fertile and easily produce offspring or fruit
from the Latin word fecundus- fruitful
can also be used to describe someone who is innovative or highly intellectually productive",Your fecund imagination will be an asset if you tell ghost stories around the campfire.
feudal,,"political system developed in Europe in the 8th century; a lord owned the land while vassals and serfs farmed it in return for accomadation. Feudalism ended in the 1400s. People who lived during feudalism didn't use the term. It wasn't until several centuries after the system ended that scholars coined it. -ism means ""philosophy or system"" while Feudal comes from the Medieval Latin feudalis- ""feudal estate,"" and is related to feodary - ""one who holds lands of an overlord in exchange for service""",
fitful,,"stopping and starting, switching suddenly",I had a fitful night's sleep: I woke up several times throughout the night.
foment,verb,"stir up trouble, turn a group into an angry mob",They accused him of fomenting political unrest.
frowsy,,"untidy, scruffy",The lush mane was ratted and backcombed into a frowsy beehive.
fulcrum,,"1. the supporting point of a lever (e.g underneath a see-saw)
2. something that plays an essential role or serves as the center of an activity or situation","The fulcrum of the debate.
That dad who organizes everybody’s playdates? He's the fulcrum of the playground social circle."
fungilble,,"something is fungible when you can exchange it for something else
from a Latin phrase meaning “to serve in place of”",Why can you trade a $20 bill for a $10 and two $5s? Because money is fungible.
garrulous,adjective,full of trivial conversation,
gauche,,"lacking social polish; tacky, graceless, rude, boorish
from a French word meaning left",Publicly asking someone why they don’t like you? That is so gauche!
germane,adjective,relevant,
gestalt,,an organized whole that is perceived as more than the sum of its parts,"The famous phrase of Gestalt psychologist Kurt Koffka, ""The whole is something else than the sum of its parts"" is often incorrectly translated as ""The whole is greater than the sum of its parts""."
gestalt,noun,an organized whole perceived as more than the sum of its parts.,"The painting wasn't just a random collection of colors and shapes, but a harmonious gestalt."
glib,,"fluent, but insincere and shallow
spoken in a confident way, but without careful thought or honesty
can be applied to the kind of thoughtless comments marked by a lack of intellectual depth","Glib generalizations.
A glib response to a complex question."
gull,verb,to cheat or trick someone,
heterodox,adjective ,"atypical beliefs, opposite of orthodox
from the Greek words heteros - 'other' and doxa -'opinion'","If you are a teacher with a heterodox teaching style, you may win over students but alarm your more traditional colleagues."
heterogeneity,noun,"diverse and not comparable in kind
the Greek prefix hetero means ""other or different"", while homo means ""the same""",A classroom consisting of people from lots of different backgrounds would be considered having the quality of heterogeneity.
heuristic,noun or adjective,"cognitive shortcuts that simplify decisions
a rule or a method that comes from experience and helps you think through things.
from a Greek word that means ""to discover""","You can think of a heuristic as a shortcut, e.g: a rule of thumb, an educated guess, an intuitive judgment, guesstimate, stereotyping, profiling, or common sense"
homonym,,a word that is said or spelled the same way as another word but has a different meaning,Write and right is a good example of a pair of homonyms.
homophone,,a word that sounds the same as another word but has a different meaning and/or spelling,Some and sum is a good example of a pair of homophone.
homunculus,,"the diminutive of the Latin word homo meaning 'man': a homunculus is a ""little man""","In the 17th century, theorists called Preformationists argued that a human being begins life as a tiny, preformed person - a homunculus - encapsulated in the sperm or, as some thought, in the egg. They were arguing against Aristotle's view that humans and other organisms begin life as unformed material that gradually takes shape, and, in the case of humans, this process includes a moment of ""ensoulment"" - when the embryo gets a soul and becomes fully human. "
hubris,,an excess of confidence,
ideology,,a set of opinions or beliefs,
ignoble,,completely lacking in nobility,"""There was something cowardly and ignoble in his attitude."""
ignominious,adjective,public shame or disgrace,
ignominy,noun,public shame or disgrace,The ignominy of being imprisoned.
imbroglio,noun,"an unwanted, difficult, and confusing situation, full of trouble and problems",The Soviet Union became anxious to withdraw its soldiers from the Afghan imbroglio.
immutable,adjective,unchangable,
impeach,,"1, to charge someone with doing something wrong, specifically a high government official. However, being impeached is only the first step in removing an official from office
2, to cast doubt on someone's character
from the Latin impedicare - ""catch, entangle.""",
impecunious,,"im-peh-QUE-ne-ous
hard up, broke, penniless
from the old Latin pecunia - ""money"" combined with the prefix im- ""not"" or ""without""","If you go into the arts, you are most likely facing an impecunious future."
imperturbable / imperturbability,,"calm and unruffled self-assurance, not easily perturbed or excited or upset, marked by extreme calm and composure",
impiety,,"a disrespect for the sacred
piety is devotion or reverence, so impiety is a lack of devotion or reverence","Visitors are advised not to wear shorts when touring certain cathedrals in Europe, because doing so is viewed as impiety by those who worship there."
implacable,,"unable to be appeased or placated
from the verb to placate - ""to soothe"" or ""to appease""",
imprimatur,,"formal support, approval",The imprimatur for this edition was granted by the cardinal.
improvident,,"lacking foresight and consideration for the future
from the Latin word providere meaning ""provide"", with the negative prefix im","An improvident person doesn't worry about the future, or plan wisely for it.
An improvident town council that spends the whole budget on playground equipment, leaving nothing to cover the inevitable repairs to fire trucks or public restrooms."
impugn,,"to call into question, attack as wrong","If a candidate has a record that cannot be impugned, his or her opponent might go for a character attack.
If you take pride in your work, you will be especially insulted if someone impugns your professionalism or integrity."
impunity,,"freedom from punishment
from the Latin poena - ""punishment"" (a root which has also produced the word pain) and negative prefix im",
incandescent,,"to glow or shine from within
from Latin candere- ""to glow"" and prefix in- ""within""",You could also describe a brilliant and moving novel as incandescent.
inchoate,,"just beginning to form, a strong sense that it is coming","You can have an inchoate idea, or an inchoate feeling."
incipient,,"something in an early stage of existence
from the Latin incipere - to begin
related word inception - the beginning or the start","In its incipient form, basketball was played with a soccer ball and peach baskets for goals."
incongruous,,"inconsistent, incompatible with something else
its Latin roots are formed by adding ""in"" to congruous - “suitable, proper”",That joke was incongruous with polite conversation.
indentured,adjective,"forced to work by contract, bound or attached in a legal sense","If you're an indentured plumber's apprentice, you have guaranteed that you'll do that job in a particular way, for a specific length of time.
If you're indentured to your grandmother, you may have promised to feed her cat every day for a month. "
indolent,adjective,"
slow, lazy
",It can take an indolent teenager hours to get out of bed on a weekend morning.
indubitable,adjective,"beyond doubt, unquestionable",An indubitable truth.
ineffable,,so extreme that it cannot be described,"Ineffable joy.
Ineffable beauty."
ineffably,,to an inexpressible degree,
ineluctable,,"inescapable, inevitable, unavoidable",
ineluctable,adjective,"impossible to avoid or evade, inescapable",
inerrant,adjective,not liable to error,
ingénue,,"a young female character in literature or film who is wholesome and innocent
from the French ingénu - ""ingenuous, innocent""",
ingenuous,,"trusting, innocent, simple",It was rather ingenuous of him to ask a complete stranger to take care of his luggage.
inhere,verb,"to exist as a natural or basic part of something
adjective: inherent",He maintains that sex inheres in everything.
inimical,adjective,"unfriendly, hostile, tending to obstruct or harm",The policy was inimical to Britain's real interests.
iniquitous,adjective,something immoral or wicked,An iniquitous political regime assassinates its enemies.
iniquity,noun,"a wicked or immoral act
from prefix in- and Latin aequus- “equal, just”",Las Vegas is a den of iniquity.
injudicious,,"not smart or well thought out
judicious means ""showing good judgment"" from the Latin iudicium - judgment",
insidious,,"slowly and secretly causing harm
from Latin noun īnsidiae - ""ambush"" and Latin verb īnsidēre - ""to lie in wait for""","An insidious rumor is one whose negative effect is not realized until the damage is done.
An insidious disease develops internally without symptoms, so that you don't realize right away that you are sick."
insouciance / insouciant,,"in-sue-ci-ence
a feeling of careless indifference
from French in - ""not"" and se soucier - ""to care""","Insouciance can be a positive state, like the childlike insouciance you feel when you are watching cartoons instead of paying your bills.
However, insouciance is not always positive. Young voters are often accused of treating the right to vote with insouciance because they can't be bothered."
insurgency,noun,"a rebellion, a movement within a country dedicated to overthrowing the government",
integer,,"all whole numbers are integers, fractions and decimals are not integers",
intemperate,,"immoderate
from Latin prefix in- - ""not"" and temperantia - ""moderation""","An alcoholic is intemperate, often overindulging in alcohol."
interdict,,"forbid, prohibit, veto",
internecine,,"destructive to both sides in a conflict, relating to conflict within a group
from the Latin inter - “among” - and necare - “to kill” ",The region's history of savage internecine warfare.
interstice,noun,"a tiny gap
the Latin root is interstitium - ""space between""
commonly used in its plural form","The interstice between your curtains lets in a thin slice of morning sunlight.
In the interstices of your busy day you have to catch up on returning phone calls."
intractable,,"unmanageable
when someone is tractable they are able to be handled, when they are intractable, they are not",Intractable problems can't be solved.
intransigent,,"impervious to pleas, persuasion, or reason; inflexible, stubborn, entrenched
tran has to do with movement, so intransigent means something or someone who is not moving","If one political party wants to raise funds to improve schools but the other is intransigent on the subject of higher taxes, the debate will get nowhere."
inveigh,,"complain bitterly, speak against in an impassioned manner, to rail against something with hostility and passion",
invidious,,"offensive or defamatory
unlike insidious, invidious doesn’t hide; it’s hateful right away",
ion,,"a charged atom or molecule
molecules are charged because the number of electrons does not equal the number of protons
a cation is a positively-charged ion, while an anion is negatively charged",
irascible,,quick to anger,He was an irascible and difficult man.
irreverent,,showing lack of due respect,
isthmus,,"a land bridge, a narrow strip of land that stretches across a body of water to connect two larger land masses
Greek word isthmos means ""neck""",Look at the Isthmus of Panama and you can see how that neck-like bit of land separates the Caribbean Sea from the North Pacific Ocean as it connects North and South America. 
iterate,transitive verb,"to repeat
reiterate is more familiar and means something very similar: to repeat for emphasis","A successful play or concert will usually iterate a performance, so more people can see it.
Politicians often iterate key points. "
itinerant,,"a person who moves from place to place, typically for work
reminds us of itinerary - the traveler's schedule. both words come from Latin itinerare - ""to travel""",
jeremiad,noun,"a long and mournful complaint
the word was coined in 1700s France as jérémiade and was a reference to the Old Testament's Lamentations of Jeremiah",A jeremiad against any form of government.
jeunesse doree,,"fashionable, wealthy young people",
jocund,,"merry and cheerful
influenced by two Latin words, jocundus - ""pleasant"", and jocus - ""joke""",
lambert,noun,"a former measure of luminance, equivalent to one lumen per square centimeter.","In photometry, the lambert is sometimes used as a unit of brightness."
languid,adjective,"1, showing a disinclination for physical exertion or effort
2, relaxed and peaceful
3, weak or faint from illness or fatigue","1, His languid demeanour irritated her.
2, The terrace was perfect for languid days in the Italian sun.
3, She was pale, languid, and weak, as if she had delivered a child."
languorous,adjective,"dreamy, lackadaisical, languid",
largesse,,"generosity, largeness of spirit",
lassitude,,"a feeling of lack of interest or energy, languor",
liminal,,"1. relating to a transitional or initial stage of a process
2. occupying a position at, or on both sides of, a boundary or threshold. Think of subliminal as below a threshold",Teenagers are in that liminal stage between childhood and adulthood.
listless,,"lethargic, low spirited, limp
from the Middle English liste - ""desire"" - and related to modern word 'lust'",In talking with them I was amazed at their listless and hopeless attitude.
littoral,noun / adj,anything to do with a coast or shore,"A house overlooking the ocean is littoral.
A business is littoral if it sells things to people hanging out on the beach.
If you grew up near the water, you grew up in a littoral."
locus,,"the center or source of something, where things are happening 
in maths, a locus is when a set of points all meet at a designated location
in genetics, the locus is the location of a certain gene on a chromosome ","Washington D.C. is the locus for politics in the U.S.
A shopping mall is often a locus for teenagers."
logarithm,noun,"the exponent by which a base must be raised to produce a given number. In mathematics, logarithms are the inverses of exponentiation.","The base ten logarithm of 100 is 2, because ten raised to the power of two is 100: log 100 = 2."
logorrhea,,"a pathological inability to stop talking
related to diarrhea - an inability to stop something unpleasant from flowing
logorrhea is an actual illness, unlike terms for extreme chattiness such as loquacious or garrulous",
lugubrious,,"excessively mournful, sad, gloomy",Funerals are lugubrious. So are rainy days and Mondays. 
manumission,noun,release from slavery,A leading advocate of manumission.
matriculate,verb,to enroll as a student,
matriculate,noun,someone who has enrolled as a student,
megalith,,a large stone that forms a prehistoric monument,
megalithic,adjective,,
melange,,any combination of anything,"Call any random assortment of things a melange (or mélange as it's sometimes spelled) and voila, you've given it a sparkle that plain old words like combination, mixture, and blend just cannot convey."
mellifluous / mellifluously,,"pleasing to the ear, to flow like honey
in Greek mythology, Melissa was a nymph who discovered that you could eat the smooth, sweet stuff that bees make. Honeybees were named after her, and their tasty product was called meli",
mendicant,noun,"1: a beggar
2: belonging to a religious order who do not own personal property, but live together in a monastery and survive off alms donated by others (i.e the Franciscan Friars)","My father gave me quarters to give to mendicant men along the route, even though our family was very poor."
mendicant,adjective,extreme poverty,
mercenary,,a soldier who gets paid to fight,
metaphor,noun,an expression used to suggest a similarity that it does not literally denote ,"metaphor / simile
Both make comparisons, but a metaphor compares one thing to another (""The world is your oyster"" - Shakespeare) while a simile uses 'like' or 'as' (""Me without a mic is like a beat without a snare"" - Lauryn Hill)"
métier,,a particularly outstanding talent,
miasma,noun,"1, an unpleasant or unhealthy smell, a stink, a stench
2, an oppressive or unpleasant atmosphere which surrounds or emanates from something","1, A miasma of stale alcohol hung around him.
2, A miasma of despair rose from the workshop."
miasmic,adjective,"producing an unpleasant smell, noxious",That peculiarly miasmic atmosphere generated by small boys and adolescent teenagers.
mien,,"how you present yourself, the impression you make","He has a cautious, academic mien."
Milquetoast,,"a shy, nervous man
Caspar Milquetoast was a comic strip character created by H. T. Webster for his cartoon series The Timid Soul",He changes from a dorky milquetoast to a sexy macho hero.
minatory,,"threatening
from the Latin menatorius - ""menace"" and nothing with the Greek legends of the Minotaur",He is unlikely to be deterred by minatory finger-wagging.
misandry,,the hatred of men,
mitigate,verb,to lessen or to reduce the seriousness of something,"You can mitigate your parents' anger by telling them you were late to dinner because you were helping your elderly neighbor.
When you buy car insurance, you are trying to mitigate the risks involved with driving."
modal,,"relating to mode or form, as opposed to substance
grammar: of or denoting the mood of a verb",
monoglot,,a person who speaks only one language,
monolithic,adjective,"characterized by massiveness, rigidity and total uniformity; imposing in size, bulk or solidity
its roots mono and lithic mean simply ""one stone""",
moribund,,something that is almost dead,"As streaming becomes a more and more popular way to watch movies and television shows, the DVD has become a moribund medium."
murine,,"relating to mice, rodents",
noblesse oblige,,inferred responsibility of privileged people to act with generosity and nobility toward the less privileged,There used to be a certain element of noblesse oblige to being a celebrity.
nonplussed,,"1, bewildered, puzzled, astounded, exasperated
2, unperturbed
there is no word plussed, you can only be nonplussed","You're nonplussed when your mother tells you she's marrying her 25-year-old personal trainer.
You're nonplussed when your boss fires you, even though he tells you you’re the best employee he's ever had."
numinous,,"a strong religious quality, suggesting the presence of a divine power, communicating a spiritual vibe
from the Latin numin - ""divine power"""," When you enter a temple, church, or mosque, you might feel as though you've entered a numinous space."
obloquy,noun,state of disgrace resulting from public abuse,He endured years of contempt and obloquy.
obsequious,,obedient or attentive to an excessive or servile degree,They were served by obsequious waiters.
obstreperous,adjective,"boisterous, noisy, aggressive, defiant",
obstreperous,,"boisterous, noisy, aggressive, defiant","You’ve probably seen an obstreperous child in the grocery store, pulling away from her mother, screaming at the top of her lungs."
obtrude,verb,"impose on someone in an unwelcome or intrusive way
from the Latin ob - ""toward"" and trudere - ""to thrust""","Mrs. Danvers never obtruded herself, but I was aware of her continually.
I tried not to look at it, but it kept obtruding at the corners of my vision."
obtuse,,"lacking sharpness, stupid or unintelligent
it sounds and looks like abstruse but is almost its opposite: Abstruse things are difficult to understand",He wondered if the doctor was being deliberately obtuse.
obviate,verb, remove (a need or difficulty),The presence of roller blinds obviated the need for curtains.
officious,,"1, assertive in a domineering way, especially with regard to trivial matters
2, intrusive, interfering","1, The security people were very officious.
2, An officious bystander."
oligopoly,,"a market in which control over the supply of a commodity is in the hands of a small number of producers and each one can influence prices and affect competitors
from the ancient Greek oligo- ""few"" and pole - ""merchant""","If you and three friends buy up all the toilet paper factories in the world, you will have a toilet paper oligopoly."
onerous,,"burdensome, difficult to deal with or do",
ontology / ontological,,"the study (in philosophy) of the nature of being, becoming, existence or reality",
opprobrium,,"a state of extreme dishonor, infamy",An inappropriate act leads to opprobrium for the person who did it.
orchard,noun,"a tree garden
from Old English orceard - ""fruit farm""",
panacea,,"hypothetical remedy for all ills once sought by alchemists
the Greek word pan means “all” (think of a panorama)
the Greek word akēs means ""cure” (which looks like the word aches)
panacea - a cure for all aches","A panacea doesn’t really cure everything, some people just think it can."
panegyric,,"a formal expression of praise, a very elaborate tribute",
parry,,"1, ward off (a weapon or attack) with a countermove
2, answer (a question or accusation) evasively","1 ""He parried the blow by holding his sword vertically.""
2, ""He parried questions from reporters outside the building."""
parse,,break it into parts and analyze each element carefully,
particulate,,composed of distinct particles,
parvenu,,nouveau-riche,The political inexperience of a parvenu.
pathogen,,"a tiny living organism, such as a bacterium or virus, that makes people sick","At summer picnics, people are cautious about keeping certain foods cool: eggs, for example, spoil quickly in the heat, introducing pathogens that can make people sick."
pathological,,caused by a physical or mental disease,OCD can manifest as a pathological compulsion for cleanliness.
pathos,,"a quality that arouses emotions, especially pity or sorrow
pathos originally meant ""suffering"" in Greek",
patina,noun,"1, a fine coating on the surface of something
2, somebody who has acquired some surface character that doesn't go very deep","1, It was a sow, not a boar, and under a patina of mud it was the pink of a domestic pig, not the brown bristle of a wild one.
2, The tycoon has a patina of sophistication but only pretends to be interested in art and literature."
peevish,,easily irritated and grumpy,We all have a pet peeve.
pelagic,,"to do with the ocean, especially the open area far from the shore
from a Greek root, pelagos - ""high sea""","Pelagic birds and fish - like tuna, jellyfish, and the Atlantic puffin - live in the open ocean."
pell-mell,,"in a wild or reckless manner
words with a similar structure and meaning are higgledy-piggledy, harum-scarum, and helter-skelter","""Running pell-mell up the stairs."""
pellucid,,"pell-loo-sid: clear, lucid
both lucid and pellucid derive from a Latin word meaning ""to shine through""","Pellucid water is clear, a pellucid sky is a particularly intense shade of blue, pellucid prose is writing that's easy to understand, and pellucid singing is clear and light in tone."
peninsula,,"a peninsula juts into the water, but has a narrow a connection to land
from the Latin words paene - ""almost"" and insula - ""island""","Some confuse an island with a peninsula because both are surrounded by so much water, but a peninsula is connected to a mainland at some point, while an island is completely encircled by water."
penumbra,noun,a space of partial illumination between the perfect shadow on all sides and the full light.,"During the eclipse, we observed the moon's penumbra slowly moving across the earth."
penurious,,flat broke or a general dislike of spending money," If someone accuses you of being cheap, tell them you prefer to be thought of as penurious. It sounds so much classier."
penury,,a state of extreme poverty,
percept,noun,"an object of perception, something that is perceived",
peregrination,noun,"a journey, especially a long or meandering one","She kept her aunt company on her peregrinations.
Such fascinating peregrinations you've experienced!"
peremptorily,,in a commanding manner,"“Now,” he said peremptorily, “step forward, please. One at a time, and no shoving”."
perfidious,adjective,"underhanded, treacherous, deceitful",
perfidy,noun,"deceitfulness
from Latin root per - ""through"" and fidem - ""faith""",
perforce,adverb,"necessarily, inevitably
from the Old French par force - ""by force""","As wonderful and warm as summer is, it must perforce come to an end.
Our disagreement over what to have for dinner will perforce end in our ordering a pizza."
peripatetic,,"travelling around to different places, usually because you work in more than one place",A peripatetic teacher.
peroration,,"a long, lofty speech
from the Latin root orare - ""to speak""
from the same word family as oration - ""a formal speech"" and perorate - ""to speak at length""",
persiflage,,a teasing kind of banter,
pertinacious,,"unyielding or perversely persistent, anyone who is bullheaded and obstinately stuck in their ways and opinions
from the Latin pertinax,  per = ""thoroughly"", tenax = ""tenacious""",
perturbation,noun,"anxiety or uneasiness, a state of agitation",
phlegmatic,,"people who are dull in expressing feelings or showing emotion, having an unemotional and calm disposition",A thing to disturb even the most phlegmatic.
phosphorescene,,"a substance that emits light, but not much heat",
picayune,,"of little value or significance, petty
""picky-yune""",The picayune squabbling of party politicians.
pillory,,"to criticize harshly, attack or ridicule publicly",
pique,,"1) to make someone angry or annoyed
2) arouse, stimulate, or excite your interest or curiosity
from a French word meaning ""a prick, irritation,"" from Old French piquer - ""to prick""
you can see how something that pricks you could make you both excited and angry",
plangent,adjective,"having a loud, mournful sound; resounding sadly.",The plangent wail of the emergency sirens filled the air.
platitude,,a statement or comment repeated so often it has become meaningless,
plenipoteniary,,a diplomat who is fully authorized to represent his or her government,
pleonasm,,"to use more words than necessary
used accidentally a pleonasm is just long-winded
used on purpose it is a tool used to emphasize something or clarify an idea through repetition",She picked up the tiny little baby kitten.
polemic,,a strong verbal or written attack on someone or something,"The Grinch published a powerful polemic against Christmas.""
""The worst offense that can be committed by a polemic is to stigmatize those who hold a contrary opinion as bad and immoral men."" - John Stuart Mill"
polity,,"a political group of any size or shape, e.g a government, a state, a country, or even a social group",
Pollyanna,,"an excessively cheerful or optimistic person
a person who believes that good things are more likely to happen than bad things, even when this is very unlikely
Pollyanna is a best-selling 1913 novel by Eleanor H. Porter that is now considered a classic of children's literature",
polyglot,,a person who understands multiple languages,
portage,noun,"the act of carrying or transporting, especially the carrying of a boat overland between two waterways.",The canoeists had to make a portage around the rapids.
pragmatic,,"a person or a solution that takes a realistic approach, sensible, grounded, practical. Pragmatism is the philosophy of 'doing what works best'",Ideology has to be tempered with pragmatism.
precipitate,,"cause an event or situation (typically one that is bad or undesirable) to happen suddenly, unexpectedly, or prematurely",
predilection,,"a predisposition in favor of something
based on the Latin verb praediligere which means ""prefer before others""","If you're a night owl, you probably have a predilection for big cities."
prefatory,adjective,serving as an introduction; introductory.,The author's prefatory remarks were brief but poignant.
prehensile,,"able to grasp
can also mean greedy, grasping for riches",Elephants curl their prehensile noses around objects in order to pick them up.
preprandial,,preceding a meal,"A preprandial drink before dinner.
A preprandial dose of medicine is to be taken right before you eat.
The waiter brings a preprandial bread basket before taking your order."
pretext,noun,a fictitious reason that is concocted to conceal the real reason,
priapic,,"pri-AH-pick: resembling a phallus, relating to male sexuality",
primordial,,"something that has existed since the earliest time
from the Latin primus - ""first"" and ordiri - ""to begin""",
pro forma,,"actions that are formalities, just going through the motions
from the Latin term meaning as a matter of form",
probity,,"morally and ethically above reproach, having integrity
impropriety is the opposite","If you show fiscal probity, it means you are responsible and ethical with your money."
prodigious,,"exceptional, substantial, or great","A blizzard includes prodigious wind and snow.
A prodigious writer is one who can write a lot and do it well."
promulgate,verb,to make publicly known,
promulgation,noun,an official announcement,
propitiate,,to appease someone or make them happy by doing a particular thing,
propitious,,presenting favorable circumstances; likely to result in or show signs of success,"Propitious omens.
Propitious gales sped us along.
A propitious alignment of planets for space exploration."
prosaic / prosaically,adj./adverb ,"a lack of originality, stated in an ordinary, straightforward way","When you state something without any added imaginative details or flowery language, you speak prosaically."
proscenium,noun,the part of a theatre stage in front of the curtain,
proscribed,,"forbidden, excluded from use or mention",
prosody,,"the rhythm and intonation of language (= the way a speaker's voice rises and falls)
refers to variations in pitch, rhythm, and loudness",
protean,adjective,"versatile, able to do many different things, tending or able to change frequently or easily","Proteus was a Greek god who could tell the future. When he was asked a question he didn't want to answer, he would change shapes."
prurient,,"having or showing too much interest in sexual things, concupiscent",She'd been the subject of much prurient curiosity.
punctilious,adjective,"close attention to detail
related to the Italian word puntiglio- ""fine point""",Are you always precisely on time? Is your room perfectly neat? Do you never forget a birthday or a library book's due date? Then you are punctilious.
purdah,,"1, a screen used to separate women from men in Hindu or Muslim societies
2, a state of social isolation",
purlieu,,the area near or surrounding a place,The photogenic purlieus of Cambridge.
purview,,the range or scope of something; anything inside a range of interest or activity,A supervisor is in charge of certain workers. Other workers are outside her purview.
pusillanimous,,"pew-sill-AN-ih-mus: lacking in courage, contemptibly fearful
from pusillus animus - ""very small spirit""","The pusillanimous person stays quiet, doesn't get involved, waits for someone else to take a stand, not out of laziness, but out of fear.
A pusillanimous student is too afraid to speak out against someone who is bullying others."
putative,,"assumed, generally accepted","You might be the putative leader of your lacrosse team, even if someone else holds the title of captain."
pyrrhic,adjective,"a victory won, but at too great a cost
from the Greek general Pyrrhus, who defeated the Romans at the Battle of Asculum, but lost so many troops that he couldn't defeat Rome itself","If you are the winner in an argument with your brother, but the fight ends up ruining your relationship with him, it's a Pyrrhic victory."
quintessence,,"a perfect example
Ancient Greek philosophers claimed there were five elements: earth, water, air, fire, and a fifth substance that made up objects in the heavens. Latin-speaking scholars called this fifth element quintessence - from the Latin words quintus- “fifth” and essentia- “being” ",Some people say that the quintessence of American cuisine is the hamburger. Vegetarians may beg to differ.
Quisling,,"a traitor
Named after Vidkun Quisling, a Norwegian politician who volunteered to help the occupying Nazis rule Norway. Quisling was tried for treason and executed at the end of the war. More commonly used in the United States is ""Benedict Arnold"" the name of a Revolutionary War turncoat.",
Quixotic,,not sensible about practical matters; idealistic and unrealistic,
Quo Vadis?,,"a Latin phrase meaning ""Where are you marching?"", commonly translated as ""Where are you going?""",
rapacity,noun,"avarice, covetousness, greed","If the investment sector needed a patron saint of rapacity, Gekko was it."
ratiocination,noun,"logical and methodical reasoning, thought or reasoning that is exact, valid and rational",
rebus,,a puzzle that uses symbols or pictures to represent the sounds of words,"The letters ICU might be used to stand for the sentence “I see you.”
The word rebus could be depicted with the letters RE followed by a picture of a bus."
recherche,,"very fancy, rare
from French recherché - ""carefully sought out""",A few linguistic terms are perhaps a bit recherché for the average readership.
recondite,,"hard to comprehend, abstruse, esoteric",Recondite is a word that you could use to describe obscure philosophy books and high level mathematical theory.
rectitude,,morally correct behaviour or thinking,She is a model of rectitude.
regnant,,"exercising power or authority, dominant",
repast,noun,a meal,
repast,verb,to eat or feast,
repine,verb,expressing gloom or discontent,
repudiate,,"to reject, deny the truth or validity of an argument","If you show something is false, you have made a repudiation of that thing."
ribald,adjective,"humorously vulgar, someone who makes dirty, sexual jokes",
rollicking,,"fun and playful
from a nineteenth century verb: rollick - ""to behave exuberantly""",
roman à clef,,"a novel that tells a loosely-disguised true story, using fictional names for the characters
French for ""novel with a key""","Both The Bell Jar by Sylvia Plath and The Sun Also Rises by Ernest Hemingway are believed by many to be romans a clef, stories based on events in the authors' actual lives."
rube,,an insulting word for a person considered uneducated or uncultured,
rubicund,,"red, rosy, ruddy-cheeked or who flushes easily
from the Latin rubicundus - ""to be red""",Your rubicund face is evidence of your embarrassment. 
samizdat,noun,"the clandestine copying and distribution of literature banned by the state, especially in the communist countries of eastern Europe.",
sang-froid,,"poise under pressure; cool, even under stress
the French for ""cold blood""",
sanguine,,"confidently optimistic and cheerful
from Latin sanguis - ""blood"" - meaning someone whose ruddy complexion was a sign of an optimistic outlook",
sardonic,,showing an amused attitude toward something that suggests a criticism but does not express it,"Mildly sardonic, the chairman’s soft-spoken cross-examination embarrassed hostile witnesses without humiliating them.
A sardonic smile."
Saturnalia,,"an orgiastic festival in ancient Rome in honor of Saturn
a wild gathering involving excessive drinking and promiscuity",
saturnine,,"gloomy, mean, scowling
Medieval alchemists ascribed to the planet Saturn a gloomy and slow character. The ultimate saturnine character in literature is Heathcliff, the brooding, bitter, obsessive hero of Wuthering Heights","""The face was saturnine and swarthy, and the sensual lips twisted with disdain."" - Oscar Wilde"
satyr,,"In classical mythology satyrs were companions to Pan, a fertility god, and Dionysus, the god of wine and ecstasy. Like their patrons, they were excessively fond of women, drink, and song.
In Greek art the satyr was depicted as a man with the ears and tail of a horse. Roman artists emphasized this creature's relationship to the goat-god Pan by giving the satyr a goat's ears, horns, and haunches. In both cases, the satyr's animal aspect symbolized his immoderate appetites.
This noun can also be used metaphorically for a man whose sexual desire is stronger than his sense of decency.",
schism,noun,division of a group into opposing factions,Another schism like that and they will end up in bankruptcy.
scion,,"a descendant of a wealthy, aristocratic, or influential family",Scion of a railroad empire.
seditious,,"civil disorder, dissention, a plot against the current power structure","In some countries, just saying seditious things can land you in jail."
senescence,,the process of aging,
sententious,,"given to moralizing in a pompous or affected manner
When sententious first appeared in English (back in the late Middle Ages) it meant full of wisdom, but now it usually has a negative association, meaning self-important",Too often he deteriorates into sententious rhetoric.
sentinel,,"a guard, a lookout, a person keeping watch",
sequelae,noun,a pathological condition resulting from a disease.,The doctor explained that the sequelae of the infection could last for months.
shibboleth,,"a platitude, truism, a phrase that is so common everyone thinks it's true",Better late than never.
sibylline,adjective,relating to or characteristic of a sibyl; prophetic and mysterious. The sibyls were oracles in Ancient Greece.,
simile,noun,"a comparison between two fundamentally different things
From Latin similus - ""the same""
metaphor / simile: both make comparisons, but a metaphor compares one thing to another (""The world is your oyster"") while a simile uses 'like' or 'as' (""Me without a mic is like a beat without a snare"")","""His voice was smooth, like butter in a warm pan.""
"
simulacrum,,"a fake version of something real
from the Latin simulare - ""to make like""","A wax museum is full of simulacrums of famous people.
This video game is only a simulacrum of playing football!"
sinecure,noun,"an office or position that requires little or no work, but provides an income
from the Latin root words sine cura meaning ""without care""",
skittish,adjective,unpredictable and excitable,
solecism,,"1, a breach of good manners, an instance of incorrect behaviour
2, a grammatical mistake in speech or writing
from the ancient Greek meaning ""speaking incorrectly""",
solipsism,,"the philosophical theory that the self is all that you know to exist
from the Latin words sol - alone and ipse - self",
specious,adjective,"an argument that seems to be good, correct, or logical, but is not; attractive in a deceptive way
in Middle English specious meant ""attractive""",
stricture,,"1) a nasty criticism
2) a sharp contraction of a tube or canal in the body
related to the word constrict meaning ""to tighten or draw in""",
suasion,noun,"persuasion, the act of persuading (or attempting to persuade), communication intended to induce belief or action",
sublimate,,"1) to divert the expression of a desire or impulse from its unacceptable form to one that is considered more socially or culturally acceptable
2) to pass directly from the solid to the vapor state: sublime",
substrate,,a solid substance or medium to which another substance is applied and to which that second substance adheres,
subsume,,to absorb or include,Love may subsume you in the early stages of a romance.
succour,noun,help in a difficult situation,
sunder,,to tear or break apart,
superannuated,,"things that are obsolete because of age
comes from the Medieval Latin word superannuatus which means “to be too old”","You can't fix a superannuated car because replacement parts are no longer made.
You might be tempted to call the word superannuated, well superannuated, because you don’t hear it used very much anymore."
supercilious,,thinking very highly of oneself,"If your sister tends to act snobby and superior, you can describe her as supercilious."
surcease,noun & verb,an ending,"If you surcease working, then you finished your homework for the day.
Many people hate when their sleep comes to a surcease in the morning."
swain,,"boyfriend, male admirer
from the Old Norse word sveinn - ""boy, servant, or attendant""","She was probably avoiding a lovesick swain, not wealthy enough to suit her."
swingeing,,"severe, punishingly bad","Swingeing taxation.
The judge awarded swingeing damages."
synecdoche,noun,a figure of speech in which a part is made to represent the whole or vice versa.,"England lost by six wickets (meaning ‘the English cricket team’).  ""All hands on deck"" ('hands' refers to people)."
tant pis,,when you're disappointed but resigned to your fate,Par exemple… Il n'y a plus de vin mais tant pis. (There's no more wine but oh well.)
Tantalus,,"a Greek mythological figure most famous for his punishment in Tartarus: He was made to stand in a pool of water beneath a fruit tree with low branches, but the fruit ever eluded his grasp, and the water always receded before he could take a drink. From where we derive the word tantalize",
technocracy,,a form of government in which scientists and technical experts rule,
telegraphic,,"omitting inessential words, concise
speech that doesn’t use a lot of pronouns and prepositions",Best. Episode. Ever.
teleological,,"starting from the end and reasoning back, explaining things based on their end purpose
from the Greek roots telos - ""end"" and ology - ""study of""",
teleology,,"a philosophy that sees purpose in ends rather than stated causes. When you see things in terms of teleology, you explain actions by their results",
telos,,an ultimate object or aim,"""People lose some moral purpose, a telos which provides the moral justification for the society."""
timorous,,"nervous, without confidence",
totalitarian / totalitarianism,,complete and absolute power over the people,
traction,noun,"the friction between a body and the surface on which it moves, as between an automobile tire and the road",
traducer,,one who attacks the reputation of another by slander or libel,
trattoria,,"Italian-style eating establishment, less formal than a ristorante, but more formal than an osteria. There are generally no printed menus, the service is casual, wine is sold by the decanter rather than the bottle, prices are low, and the emphasis is on a steady clientele rather than on haute cuisine",
travail,,"hard mental exertion or physical labor
the closest English word is toil, though travail means you’re not just exerting monumental effort but suffering as you do so
in French travail simply means work. In Spanish trabajo is also closely related to work","If your life has been the stuff of blues songs or Shakespearean tragedies, you’ve had your share of travails."
trebuchets,noun,medieval catapults for hurling heavy stones.,"The castle was besieged with trebuchets, their massive stones crashing against the walls."
tremulous,adjective,shaky and quivering,
trenchantly,adverb,in a vigorous and effective manner,He trenchantly defended his client's civil rights.
triage,,"
a care-rationing process used when the number of  wounded overwhelms the people and resources available to  treat them
from French and means trying or testing
","Incoming wounded are sorted into three classes. The first consists of those who will die even if they get care. The second consists of those who will survive even if they receive no care. The third consists of those who will live if they  get help, but will die without it. In a triage situation, all available resources go to the third category."
trompe l’oeil,,"a style of painting that's so realistic it appears to be three-dimensional
in French trompe l'oeil means ""fools the eye,"" from tromper - ""to deceive"" and l'oeil - ""the eye""",
tundra,,"a vast, treeless plain near the Arctic Circle where the subsoil is permanently frozen
from the Finnish 'tunturria' which means ""barren land""",
turbid,,"dark and murky, so you can't see through it (usually used as a criticism)
although it’s usually used to describe liquid, it can also be used to describe writing that’s unclear
from Latin word turbidus which means ""muddy, full of confusion""",
turpitude,,"depraved behavior
from Latin turpitudo - ""repulsiveness""",Acts of moral turpitude are crimes that are unusually sick or corrupt.
unctuous,,unpleasantly and excessively suave or ingratiating in manner or speech,
unregenerate,,not reformed morally or spiritually,
usufruct,,an ancient Roman law which stated that citizens could use and even profit from another person's land or property as long as it wasn't wasted or destroyed,
utilitarian,,designed to be useful rather than decorative,"Like many factories, it's a very ugly utilitarian building."
utilitarianism,,an ethical theory that states that the best action is the one that benefits the majority,Utilitarianism by John Stuart Mill was originally published 1861.
verboten,,"forbidden, not allowed or permitted
from German",Lying in court is verboten.
veridical,adjective,"something true
from Latin verus - ""true"" and dicere - ""to speak""","Sworn testimony in a courtroom is expected to be veridical, as is the information you learn in a history lesson. Sometimes predictions or dreams that appear to foretell the future are described as veridical."
vertiginous,,"to be dizzy and woozy, a feeling that you are about to fall
from Latin vertere - ""to turn""","Vertigo is not the same thing as acrophobia - the fear of heights - although acrophobia can result in the symptoms associated with vertigo. When Hitchcock created a film about a detective with an intense fear of heights, he named it Vertigo, not Acrophobia."
vestigial,adjective,"an organ or body part that continues to exist without retaining its original function, such as our appendix
derives from the Latin word vestigium meaning ""footprint, trace""","An ostrich's wings are vestigial because it's unable to fly with them. A penguin's wings, on the other hand, are not vestigial because it has found another use for them - to help it swim."
victualler,,a person who is licensed to sell alcohol,
vitiate,,"1 : to debase in moral or aesthetic status
2 : to make ineffective, faulty or defective","1: A mind vitiated by prejudice.
2: As some sneaky five-year-olds know, crossing one’s fingers while making a promise is an effective way to vitiate, or destroy the validity of, an agreement."
viticulture,,the cultivation of grapes and grape vines,
vituperation,,"abusive or venomous language, invective, vitriol","How careless people were with their antipathy, how they threw it around for fun; how these days people indiscriminately sprayed vituperation every which way as if launching a mass acid attack in a crowded public square."
vituperative,adjective,harshly abusive criticism,"A vituperative outburst.
The debate turned sour with vituperative exchanges that shocked the audience."
vivisection,,experimentaion on animals,
voluble,,someone who talks a lot,“She is an extremely voluble young woman who engages in soliloquies not conversations.”
wry,,a sarcastic sense of humor,
zealot,,"a fanatical and uncompromising person
antonym: moderate
historical: an ancient Jewish sect aimed at a world Jewish theocracy who resisted the Romans until AD 70",Reforming zealots destroyed a vast collection of papers.
